{"cameraMode":{"drawMode":0,"name":"Shaded","section":"Shading Mode"},"sceneLighting":false,"audioPlay":false,"sceneViewState":{"showFog":true,"showMaterialUpdate":false,"showSkybox":false,"showFlares":true,"showImageEffects":true,"showParticleSystems":true},"in2DMode":false,"pivot":{"x":-60.4281120300293,"y":2.8789215087890627,"z":622.541259765625},"rotation":{"x":-0.061077553778886798,"y":0.6407138705253601,"z":-0.05124630406498909,"w":-0.7636289596557617},"size":97.62069702148438,"orthographic":false}