{"cameraMode":{"drawMode":0,"name":"Shaded","section":"Shading Mode"},"sceneLighting":false,"audioPlay":false,"sceneViewState":{"showFog":true,"showMaterialUpdate":true,"showSkybox":false,"showFlares":true,"showImageEffects":true,"showParticleSystems":true},"in2DMode":false,"pivot":{"x":-129.9741973876953,"y":-67.50717163085938,"z":678.9780883789063},"rotation":{"x":-0.1308601200580597,"y":0.2790968418121338,"z":-0.03842351585626602,"w":-0.9505284428596497},"size":277.2367858886719,"orthographic":false}