{"cameraMode":{"drawMode":0,"name":"Shaded","section":"Shading Mode"},"sceneLighting":false,"audioPlay":false,"sceneViewState":{"showFog":true,"showMaterialUpdate":false,"showSkybox":false,"showFlares":true,"showImageEffects":true,"showParticleSystems":true},"in2DMode":false,"pivot":{"x":0.8678426146507263,"y":2.421912670135498,"z":0.890282154083252},"rotation":{"x":-0.20700481534004212,"y":-0.12668514251708985,"z":0.027043001726269723,"w":-0.9697260856628418},"size":19.40443992614746,"orthographic":false}