{"cameraMode":{"drawMode":0,"name":"Shaded","section":"Shading Mode"},"sceneLighting":false,"audioPlay":false,"sceneViewState":{"showFog":true,"showMaterialUpdate":true,"showSkybox":false,"showFlares":true,"showImageEffects":true,"showParticleSystems":true},"in2DMode":false,"pivot":{"x":-25.093948364257814,"y":9.979336738586426,"z":401.1687316894531},"rotation":{"x":-0.03314768150448799,"y":0.7050586342811585,"z":-0.03302838280797005,"w":-0.7076035141944885},"size":59.63276290893555,"orthographic":false}