{"cameraMode":{"drawMode":0,"name":"Shaded","section":"Shading Mode"},"sceneLighting":true,"audioPlay":false,"sceneViewState":{"showFog":true,"showMaterialUpdate":true,"showSkybox":true,"showFlares":true,"showImageEffects":true,"showParticleSystems":true},"in2DMode":false,"pivot":{"x":59.17261505126953,"y":9.401756286621094,"z":1471.882568359375},"rotation":{"x":0.00013201269030105323,"y":-0.9937106370925903,"z":-0.001175998244434595,"w":-0.11197265982627869},"size":293.2366943359375,"orthographic":false}