{"cameraMode":{"drawMode":0,"name":"Shaded","section":"Shading Mode"},"sceneLighting":false,"audioPlay":false,"sceneViewState":{"showFog":true,"showMaterialUpdate":false,"showSkybox":false,"showFlares":true,"showImageEffects":true,"showParticleSystems":true},"in2DMode":false,"pivot":{"x":-5.969999313354492,"y":5.199999809265137,"z":122.68119812011719},"rotation":{"x":-0.061077553778886798,"y":0.6407138705253601,"z":-0.05124630406498909,"w":-0.7636289596557617},"size":45.18711471557617,"orthographic":false}