{"cameraMode":{"drawMode":0,"name":"Shaded","section":"Shading Mode"},"sceneLighting":false,"audioPlay":false,"sceneViewState":{"showFog":true,"showMaterialUpdate":false,"showSkybox":false,"showFlares":true,"showImageEffects":true,"showParticleSystems":true},"in2DMode":false,"pivot":{"x":2.7421822547912599,"y":0.258220911026001,"z":700.6477661132813},"rotation":{"x":-0.20561452209949494,"y":0.04460674151778221,"z":-0.009381918236613274,"w":-0.9775709509849548},"size":9.020541191101075,"orthographic":false}