{"cameraMode":{"drawMode":0,"name":"Shaded","section":"Shading Mode"},"sceneLighting":false,"audioPlay":false,"sceneViewState":{"showFog":true,"showMaterialUpdate":false,"showSkybox":false,"showFlares":true,"showImageEffects":true,"showParticleSystems":true},"in2DMode":false,"pivot":{"x":111.80909729003906,"y":-176.0376739501953,"z":419.2503662109375},"rotation":{"x":-0.20561452209949494,"y":0.04460674151778221,"z":-0.009381918236613274,"w":-0.9775709509849548},"size":686.443115234375,"orthographic":false}