{"cameraMode":{"drawMode":0,"name":"Shaded","section":"Shading Mode"},"sceneLighting":false,"audioPlay":false,"sceneViewState":{"showFog":true,"showMaterialUpdate":false,"showSkybox":false,"showFlares":true,"showImageEffects":true,"showParticleSystems":true},"in2DMode":false,"pivot":{"x":-2.1771297454833986,"y":-118.8359375,"z":436.0321960449219},"rotation":{"x":-0.20561452209949494,"y":0.04460674151778221,"z":-0.009381918236613274,"w":-0.9775709509849548},"size":358.69146728515627,"orthographic":false}