{"cameraMode":{"drawMode":0,"name":"Shaded","section":"Shading Mode"},"sceneLighting":false,"audioPlay":false,"sceneViewState":{"showFog":true,"showMaterialUpdate":true,"showSkybox":false,"showFlares":true,"showImageEffects":true,"showParticleSystems":true},"in2DMode":false,"pivot":{"x":4.65886116027832,"y":-4.8489861488342289,"z":1988.8638916015625},"rotation":{"x":-0.1203470304608345,"y":0.7196224927902222,"z":-0.12895552814006806,"w":-0.671588122844696},"size":18.321739196777345,"orthographic":false}